dataset,budget_pct,method,progress_mean,progress_std,test_mse_mean,test_mse_std,n_deleted_mean,n_deleted_std,total_budget_sec_mean,total_budget_sec_std,charged_compute_sec_mean,charged_compute_sec_std,sis_score_sec_mean,sis_sort_sec_mean,average_unlearn_sec_mean
synthetic,10.0,SIS,0.25283516528611033,0.08572750564399818,13.503961939735257,0.4083420350190921,0.9,0.30512857662936466,0.00010376700000000001,1.3757233833827924e-06,0.00010104994152046785,1.6534104417678364e-06,7.991666666666667e-05,4.793333333333333e-06,1.8204736842105262e-05
synthetic,25.0,SIS,0.7527816046545734,0.009671192102660845,13.239825343993413,0.15309325873995144,8.933333333333334,0.2537081317024625,0.00025941749999999997,3.439308458456987e-06,0.000247333918128655,5.334784212443412e-06,7.991666666666667e-05,4.793333333333333e-06,1.8204736842105262e-05
synthetic,50.0,SIS,0.934171838800156,0.0029415380950483807,13.033566158670824,0.3144390371183529,23.0,0.2626128657194451,0.0005188349999999999,6.878616916913974e-06,0.0005034158479532164,9.648754208252394e-06,7.991666666666667e-05,4.793333333333333e-06,1.8204736842105262e-05
synthetic,75.0,SIS,0.9546264149662901,0.0018250138212717502,12.701446216854618,0.10154754806226018,37.86666666666667,0.43417248545530485,0.0007782525000000002,1.0317925375370951e-05,0.0007740116374269008,8.569092843345168e-06,7.991666666666667e-05,4.793333333333333e-06,1.8204736842105262e-05
synthetic,100.0,SIS,0.9999898520413804,7.690865523908245e-06,10.423767320608523,0.07266593370661618,51.9,0.3051285766293646,0.0010376699999999999,1.3757233833827947e-05,0.0010294915204678364,1.2356608356217773e-05,7.991666666666667e-05,4.793333333333333e-06,1.8204736842105262e-05
synthetic,10.0,FIFO,0.04236553189965968,0.12515795988946274,14.683319626411611,0.8476101699515801,5.0,0.0,0.00010376700000000001,1.3757233833827924e-06,9.102368421052633e-05,1.206774897704204e-06,7.991666666666667e-05,4.793333333333333e-06,1.8204736842105262e-05
synthetic,25.0,FIFO,0.1341310922133448,0.1849513282776499,14.481286945863884,1.717389243914667,14.0,0.0,0.00025941749999999997,3.439308458456987e-06,0.00025486631578947375,3.3789697135717675e-06,7.991666666666667e-05,4.793333333333333e-06,1.8204736842105262e-05
synthetic,50.0,FIFO,0.2416642848846663,0.2541385502956481,14.704298319106718,2.1919045632894267,28.0,0.0,0.0005188349999999999,6.878616916913974e-06,0.0005097326315789475,6.757939427143535e-06,7.991666666666667e-05,4.793333333333333e-06,1.8204736842105262e-05
synthetic,75.0,FIFO,0.5061222065614313,0.30227013242934636,14.001863333062444,2.90931972388563,42.0,0.0,0.0007782525000000002,1.0317925375370951e-05,0.0007645989473684209,1.0136909140715316e-05,7.991666666666667e-05,4.793333333333333e-06,1.8204736842105262e-05
synthetic,100.0,FIFO,1.0,0.0,10.439583540444179,0.07320024255307384,57.0,0.0,0.0010376699999999999,1.3757233833827947e-05,0.0010376699999999999,1.3757233833827947e-05,7.991666666666667e-05,4.793333333333333e-06,1.8204736842105262e-05
synthetic,10.0,Random,0.07249768265340763,0.15852920429224762,14.376290168277354,0.9505204856958146,5.0,0.0,0.00010376700000000001,1.3757233833827924e-06,9.102368421052633e-05,1.206774897704204e-06,7.991666666666667e-05,4.793333333333333e-06,1.8204736842105262e-05
synthetic,25.0,Random,0.19849274518443435,0.22051610520886578,14.183553315890101,1.647600450309221,14.0,0.0,0.00025941749999999997,3.439308458456987e-06,0.00025486631578947375,3.3789697135717675e-06,7.991666666666667e-05,4.793333333333333e-06,1.8204736842105262e-05
synthetic,50.0,Random,0.3820572291477726,0.2793595123452965,13.512071365061498,2.829623835914642,28.0,0.0,0.0005188349999999999,6.878616916913974e-06,0.0005097326315789475,6.757939427143535e-06,7.991666666666667e-05,4.793333333333333e-06,1.8204736842105262e-05
synthetic,75.0,Random,0.5934957997220696,0.28340016318064154,13.01126064476651,2.945787058035373,42.0,0.0,0.0007782525000000002,1.0317925375370951e-05,0.0007645989473684209,1.0136909140715316e-05,7.991666666666667e-05,4.793333333333333e-06,1.8204736842105262e-05
synthetic,100.0,Random,1.0,0.0,10.439583540444183,0.07320024255295772,57.0,0.0,0.0010376699999999999,1.3757233833827947e-05,0.0010376699999999999,1.3757233833827947e-05,7.991666666666667e-05,4.793333333333333e-06,1.8204736842105262e-05
diabetes,10.0,SIS,0.19317934318090163,0.582168321259687,0.5249987894173009,0.0026504872930551474,0.9666666666666667,0.31984191497474596,0.00011115933333333335,7.41654810185483e-06,0.00010504961111111113,6.2737084531740736e-06,8.224333333333335e-05,4.7166666666666675e-06,1.8526555555555554e-05
diabetes,25.0,SIS,0.5200653907047282,0.4075446178450059,0.526599120157176,0.005864714211567923,9.933333333333334,0.44977644510880344,0.0002778983333333334,1.854137025463707e-05,0.000271147,1.6441135807125745e-05,8.224333333333335e-05,4.7166666666666675e-06,1.8526555555555554e-05
diabetes,50.0,SIS,0.8157779047724535,0.1771919918731221,0.5296920620878547,0.008630288468393576,24.933333333333334,0.44977644510880344,0.0005557966666666668,3.708274050927414e-05,0.0005490453333333332,3.485223614697405e-05,8.224333333333335e-05,4.7166666666666675e-06,1.8526555555555554e-05
diabetes,75.0,SIS,0.9649284182564885,0.030601397289712725,0.5285403419066012,0.009201320967211771,39.93333333333333,0.4497764451088035,0.0008336950000000001,5.56241107639112e-05,0.0008269436666666667,5.335363721527913e-05,8.224333333333335e-05,4.7166666666666675e-06,1.8526555555555554e-05
diabetes,100.0,SIS,0.9979163675288468,0.00484982125647402,0.5295398718008786,0.009985246379021267,54.93333333333333,0.4497764451088035,0.0011115933333333335,7.416548101854828e-05,0.0011048420000000002,7.187564027954027e-05,8.224333333333335e-05,4.7166666666666675e-06,1.8526555555555554e-05
diabetes,10.0,FIFO,-0.10072799136825364,0.6057305856110756,0.5238479389483534,0.0026294641270696675,6.0,0.0,0.00011115933333333335,7.41654810185483e-06,0.00011115933333333335,7.41654810185483e-06,8.224333333333335e-05,4.7166666666666675e-06,1.8526555555555554e-05
diabetes,25.0,FIFO,0.01905251962678644,0.7153753588023971,0.52386867097898,0.003812408359040397,15.0,0.0,0.0002778983333333334,1.854137025463707e-05,0.0002778983333333334,1.854137025463707e-05,8.224333333333335e-05,4.7166666666666675e-06,1.8526555555555554e-05
diabetes,50.0,FIFO,0.22767425524833187,0.6752635582580173,0.5277977082985361,0.0067371762603504505,30.0,0.0,0.0005557966666666668,3.708274050927414e-05,0.0005557966666666668,3.708274050927414e-05,8.224333333333335e-05,4.7166666666666675e-06,1.8526555555555554e-05
diabetes,75.0,FIFO,0.46071072038341754,0.5429046408617135,0.5295621802201357,0.007425664631496848,45.0,0.0,0.0008336950000000001,5.56241107639112e-05,0.0008336950000000001,5.56241107639112e-05,8.224333333333335e-05,4.7166666666666675e-06,1.8526555555555554e-05
diabetes,100.0,FIFO,1.0,0.0,0.5297249612783057,0.010082235637646646,60.0,0.0,0.0011115933333333335,7.416548101854828e-05,0.0011115933333333335,7.416548101854828e-05,8.224333333333335e-05,4.7166666666666675e-06,1.8526555555555554e-05
diabetes,10.0,Random,0.022285727303685422,0.42679558369280196,0.5239022671409627,0.0035717002326231184,6.0,0.0,0.00011115933333333335,7.41654810185483e-06,0.00011115933333333335,7.41654810185483e-06,8.224333333333335e-05,4.7166666666666675e-06,1.8526555555555554e-05
diabetes,25.0,Random,0.000698550098434821,0.7476390856742675,0.5250343992565712,0.004341625534523375,15.0,0.0,0.0002778983333333334,1.854137025463707e-05,0.0002778983333333334,1.854137025463707e-05,8.224333333333335e-05,4.7166666666666675e-06,1.8526555555555554e-05
diabetes,50.0,Random,0.15809349104764342,0.9681915382444226,0.5268354530887841,0.006864933552357953,30.0,0.0,0.0005557966666666668,3.708274050927414e-05,0.0005557966666666668,3.708274050927414e-05,8.224333333333335e-05,4.7166666666666675e-06,1.8526555555555554e-05
diabetes,75.0,Random,0.3204572472118132,0.8393255956238581,0.5290152106248416,0.008725005852558181,45.0,0.0,0.0008336950000000001,5.56241107639112e-05,0.0008336950000000001,5.56241107639112e-05,8.224333333333335e-05,4.7166666666666675e-06,1.8526555555555554e-05
diabetes,100.0,Random,1.0,0.0,0.5297249612783058,0.010082235637646644,60.0,0.0,0.0011115933333333335,7.416548101854828e-05,0.0011115933333333335,7.416548101854828e-05,8.224333333333335e-05,4.7166666666666675e-06,1.8526555555555554e-05
large_synthetic_n2000_d26,10.0,SIS,0.5380261475116771,0.31893121868327634,17.46932956739707,0.25889362932569115,0.9,0.30512857662936466,0.00012430400000000002,1.7804699108517033e-06,0.00011766533333333334,2.3889478284005958e-05,9.428999999999998e-05,4.76e-06,2.0717333333333332e-05
large_synthetic_n2000_d26,25.0,SIS,0.8916974779525408,0.12438450179093946,17.55941157227539,0.38842580979576935,9.6,1.4044264997156128,0.00031075999999999993,4.451174777129258e-06,0.00029780755555555553,3.301171617552059e-06,9.428999999999998e-05,4.76e-06,2.0717333333333332e-05
large_synthetic_n2000_d26,50.0,SIS,0.976106316572146,0.0281119290801925,17.636128397983832,0.3974401226355702,24.6,1.404426499715613,0.0006215199999999999,8.902349554258516e-06,0.0006085675555555556,7.5352859682459254e-06,9.428999999999998e-05,4.76e-06,2.0717333333333332e-05
large_synthetic_n2000_d26,75.0,SIS,0.9964120655895904,0.004298380697923865,17.66613626999587,0.4097068109698488,39.6,1.404426499715613,0.0009322800000000001,1.3353524331387774e-05,0.0009193275555555556,1.1928505731694148e-05,9.428999999999998e-05,4.76e-06,2.0717333333333332e-05
large_synthetic_n2000_d26,100.0,SIS,0.9998599921305596,0.00019535325830529545,17.67105159807634,0.41256830247260573,54.6,1.404426499715613,0.0012430399999999997,1.7804699108517033e-05,0.0012300875555555555,1.6353099924845434e-05,9.428999999999998e-05,4.76e-06,2.0717333333333332e-05
large_synthetic_n2000_d26,10.0,FIFO,0.10907111688192209,0.20539976854490904,17.500906533548765,0.06597002960316184,6.0,0.0,0.00012430400000000002,1.7804699108517033e-06,0.00012430400000000002,1.7804699108517033e-06,9.428999999999998e-05,4.76e-06,2.0717333333333332e-05
large_synthetic_n2000_d26,25.0,FIFO,0.35287922931123805,0.3540256573144976,17.569067176263662,0.12006490787175186,15.0,0.0,0.00031075999999999993,4.451174777129258e-06,0.00031075999999999993,4.451174777129258e-06,9.428999999999998e-05,4.76e-06,2.0717333333333332e-05
large_synthetic_n2000_d26,50.0,FIFO,0.6362832002469765,0.3444596920114893,17.57062373398286,0.24107208308029543,30.0,0.0,0.0006215199999999999,8.902349554258516e-06,0.0006215199999999999,8.902349554258516e-06,9.428999999999998e-05,4.76e-06,2.0717333333333332e-05
large_synthetic_n2000_d26,75.0,FIFO,0.7834324724149963,0.30223381329435045,17.628846913742148,0.27471174528338155,45.0,0.0,0.0009322800000000001,1.3353524331387774e-05,0.0009322800000000001,1.3353524331387774e-05,9.428999999999998e-05,4.76e-06,2.0717333333333332e-05
large_synthetic_n2000_d26,100.0,FIFO,1.0,0.0,17.67194212338399,0.41304652678573694,60.0,0.0,0.0012430399999999997,1.7804699108517033e-05,0.0012430399999999997,1.7804699108517033e-05,9.428999999999998e-05,4.76e-06,2.0717333333333332e-05
large_synthetic_n2000_d26,10.0,Random,0.14084675301393831,0.26384194848518483,17.4992121754725,0.07094848976350543,6.0,0.0,0.00012430400000000002,1.7804699108517033e-06,0.00012430400000000002,1.7804699108517033e-06,9.428999999999998e-05,4.76e-06,2.0717333333333332e-05
large_synthetic_n2000_d26,25.0,Random,0.2420205148891264,0.3031559193671664,17.499208233075045,0.14936041137745648,15.0,0.0,0.00031075999999999993,4.451174777129258e-06,0.00031075999999999993,4.451174777129258e-06,9.428999999999998e-05,4.76e-06,2.0717333333333332e-05
large_synthetic_n2000_d26,50.0,Random,0.4874306066521932,0.35646547976971293,17.536086865537136,0.2697911423608682,30.0,0.0,0.0006215199999999999,8.902349554258516e-06,0.0006215199999999999,8.902349554258516e-06,9.428999999999998e-05,4.76e-06,2.0717333333333332e-05
large_synthetic_n2000_d26,75.0,Random,0.8162368314684475,0.28240555764731295,17.578349672150903,0.3633737501459012,45.0,0.0,0.0009322800000000001,1.3353524331387774e-05,0.0009322800000000001,1.3353524331387774e-05,9.428999999999998e-05,4.76e-06,2.0717333333333332e-05
large_synthetic_n2000_d26,100.0,Random,1.0,0.0,17.67194212338399,0.41304652678573744,60.0,0.0,0.0012430399999999997,1.7804699108517033e-05,0.0012430399999999997,1.7804699108517033e-05,9.428999999999998e-05,4.76e-06,2.0717333333333332e-05
